"视频描述","视频ID","发布时间","完播率","平均播放时长","播放量","推荐","喜欢","评论量","分享量","关注量","转发聊天和朋友圈","设为铃声","设为状态","设为朋友圈封面","企微链接点击次数","企微链接点击人数","添加到通讯录次数","添加到通讯录人数"
"《神农本草经》卷一上经的薏苡仁：味甘微寒，主拘挛不可屈伸、风湿痹、下气。
片中展示薏苡植株实拍（Forest & Kim Starr，CC BY 3.0），并录解蠡别名与八月采实之说。
古籍内容展示，不构成诊疗建议。
#薏苡仁  #神农本草经 #本草 #中草药 #中药材","export/UzFfBgAAxNuCOFpVGCT2k8zT4DCatL0PFqHl_H7myuKpUDX3MA","2026/08/30","-","7.80秒",1,0,0,0,0,0,0,0,0,0,,,,
"《神农本草经》卷一上经的署豫（薯蓣）：味甘温，主伤中、补虚羸、益气力、长肌肉。
片中展示山药植株实拍（美国林务局，CC BY 3.0），并录山芋、玉延别名与生嵩高之说。
古籍内容展示，不构成诊疗建议。
#薯蓣 #神农本草经 #中药材 #中草药","export/UzFfBgAAxLiBOBs0RFn2k8zT4DCae23d2J1C_FunBg2WnqOMCA","2026/08/29","-","9.50秒",6,0,0,0,0,0,0,0,0,0,,,,
"《神农本草经》卷一上经的木香：味辛，主邪气、辟毒疫温鬼、强志。
片中展示云木香药材根实拍（CC BY-SA 4.0），并录蜜香别名与生永昌之说。
古籍内容展示，不构成诊疗建议。
#木香 #神农本草经 #本草 #中药材","export/UzFfBgAAxLOBQBJ6YgD3k8zT4DCaqzVivedEeYNF3tlT-cuSCQ","2026/08/29","37.93%","7.80秒",29,0,0,0,0,0,0,0,0,0,,,,
"《神农本草经》卷一上经的车前子：味甘寒，主气癃、利水道小便、除湿痹。
片中展示车前草实拍（Shizhao 摄，CC BY 3.0），并录当道别名与五月五日采之说。
古籍内容展示，不构成诊疗建议。
#车前子 #神农本草经 #中草药 #中药材 #中医
","export/UzFfBgAAxLmBYCwkL0r1k8zT4DCaBAD69bCDztHF1kN0-1_VTQ","2026/08/27","31.82%","8.00秒",22,0,0,0,0,0,0,0,0,0,,,,
"《神农本草经》卷一上经的独活：味苦平，主风寒所击、金疮止痛、女子疝瘕。
片中展示独活属植株实拍（Koichi Oda 摄），并录羌青别名与""得风不摇，无风自动""之说。
古籍内容展示，不构成诊疗建议。
#本草 #中草药 #神农本草经 #独活
","export/UzFfBgAAxLmBAEptbR_qk8zT4DCarhBxeA4LmbC_IxUhEeA6jw","2026/08/26","25.93%","6.70秒",27,0,0,0,0,0,0,0,0,0,,,,
"《神农本草经》卷一上经的麦门冬：味甘平，主心腹结气、胃络脉绝、羸瘦短气。
片中展示麦冬植株实拍（CC0 授权），并录不死药别名、生川谷及堤阪与四时采之说。
古籍内容展示，不构成诊疗建议。
#麦门冬 #麦冬 #神农本草经 #本草 #中草药","export/UzFfBgAAxK6BKBkAU1Huk8zT4DCaa2UEKfZMPD2dfSdoYYKXcw","2026/08/23","40.00%","5.60秒",5,0,0,0,0,0,0,0,0,0,,,,
"《神农本草经》卷一上经的防葵：味辛寒，主疝瘕肠泄、膀胱热结、惊邪狂走。
片中展示防葵植株实拍（M108t，CC BY 4.0），并录梨盖别名与生川谷、三月三日采根之说。
古籍内容展示，不构成诊疗建议。
#防葵 #神农本草经 #本草 #上经 #中草药","export/UzFfBgAAxNyAWFYCSlHuk8zT4DCaNryhFod-hCDvrb6vQF4jXQ","2026/08/23","46.15%","7.80秒",13,0,0,0,0,0,0,0,0,0,,,,
"《神农本草经》卷一上经的女萎：味甘平，主中风暴热、跌筋结肉，久服好颜色。
片中展示玉竹植株实拍（Flocci Nivis，CC BY 4.0），并录葳蕤别名与生山谷、立春后采之说。
古籍内容展示，不构成诊疗建议。
#女萎 #玉竹 #葳蕤 #神农本草经 #中草药","export/UzFfBgAAxLqBSD1WXDHsk8zT4DCaMg2Q49CrOjnkYUDYHnkCKw","2026/08/22","28.57%","6.71秒",7,0,0,0,0,0,0,0,0,0,,,,
"《神农本草经》卷一上经的充蔚子（茺蔚子）：味辛微温，主明目益精、除水气，茎可作浴汤。
片中展示 19 世纪 Blanco 植物图谱（公有领域），并录益母别名与生池泽、五月采之说。
古籍内容展示，不构成诊疗建议。
#充蔚子 #茺蔚子 #益母草 #神农本草经","export/UzFfBgAAxL-BdF0OBTntk8zT4DCa_qHU0ssHxxATY5Ckc7BePw","2026/08/21","-","0",0,0,0,0,0,0,0,0,0,0,,,,
"《神农本草经》卷一上经的牛膝：味苦酸，主寒湿痿痹、膝痛不可屈伸，逐血气。
片中展示牛膝属植株实拍（Achyranthes aspera，CC BY 4.0），并录百倍别名、生川谷与二月八月十月采根之说。
古籍内容展示，不构成诊疗建议。
#牛膝 #神农本草经 #本草 #上经","export/UzFfBgAAxNaAJHU9VWXtk8zT4DCaXG8DHPqJ_ahJguDKMndULg","2026/08/21","33.33%","7.80秒",27,0,0,0,0,0,0,0,0,0,,,,
"《神农本草经》卷一上经的菟丝子：味辛平，主续绝伤、益气力、肥健，汁去面皯。
片中展示菟丝子花簇实拍（公有领域图），并录菟芦别名、生川泽与九月采实之说。
古籍内容展示，不构成诊疗建议。
#菟丝子 #本草 #神农本草经 #上经","export/UzFfBgAAxL-BGBwNdCjgk8zT4DCaYdwwB5YUCQGEMdM1GL5ijA","2026/08/19","23.45%","10.62秒",1642,7,16,3,10,13,10,0,0,0,,,,
"《神农本草经》卷一上经的干地黄：味甘寒，主折跌绝筋、逐血痹、填骨髓，生者尤良。
片中展示江户时代本草水彩画（Cock Blomhoff 收藏，公有领域），并录地髓别名与生川泽、咸阳黄土地之说。
古籍内容展示，不构成诊疗建议。
#干地黄 #地黄 #神农本草经 #本草","export/UzFfBgAAxLeBODhybXTmk8zT4DCax7aJXpl3E4dO0NFlGTx4Og","2026/08/17","17.69%","9.29秒",520,3,5,1,6,10,6,0,0,0,,,,
"《神农本草经》卷一上经的鞠华（菊花）：味苦平，主风、头眩肿痛、目欲脱、泪出，久服耐老延年。
片中展示 4000 万像素菊花实拍（James St. John，CC BY 2.0），并录节华别名与生川泽、九月采花之说。
古籍内容展示，不构成诊疗建议。
#菊花 #鞠华 #神农本草经 #本草","export/UzFfBgAAxLOBKGtzTzrlk8zT4DCa4_hxWKfa09RAPUgQnjx2oQ","2026/08/15","11.69%","5.95秒",479,1,2,1,0,2,0,0,0,0,,,,
"《神农本草经》里的扁青：味甘平，主目痛、折跌、痈肿、金创不疗，利精神。
片中展示蓝铜矿标本，并录朱崖、武都、朱提产地。
古籍内容展示，不构成诊疗建议。
#扁青 #蓝铜矿 #神农本草经 #本草","export/UzFfBgAAxNiAIFAQEByajMzT4DCaqH2NSJ0BX3L15tOBHnwsZQ","2026/08/14","31.91%","11.62秒",47,0,0,0,0,1,0,0,0,0,,,,
"《神农本草经》里的白青：味甘平，主明目、利九窍、耳聋，杀诸毒、三虫。
片中展示蓝铜矿标本，并录""可消而为铜""的古说与豫章产地。
古籍内容展示，不构成诊疗建议。
#白青 #蓝铜矿 #神农本草经 #本草","export/UzFfBgAAxLiBcFcAHRyajMzT4DCa2c53lCBT6z_esqkzuqCe7w","2026/08/14","27.03%","7.80秒",74,0,1,0,0,0,0,0,0,0,,,,
"《神农本草经》里的紫石英：味甘温，主心腹咳逆，补不足，有女子风寒在子宫的古说。
片中展示紫水晶标本，并录""紫色达头如樗蒲者""的品相。
古籍内容展示，不构成诊疗建议。
#紫石英 #紫水晶 #神农本草经 #本草","export/UzFfBgAAxK2BVD1NChyajMzT4DCaOgniU8TbZs6LbZpNgoGz3Q","2026/08/14","28.13%","7.80秒",64,0,0,0,0,1,0,0,0,0,,,,
"《神农本草经》里的白石英：味甘微温，主消渴、阴痿不足、胸膈间久寒，益气。
片中展示石英标本，并录""长者二三寸，白泽""的品相之说。
古籍内容展示，不构成诊疗建议。
#白石英 #石英 #神农本草经 #本草","export/UzFfBgAAxNiAPDFnNByajMzT4DCahUh4tsq8vjg4YvXoIyACTA","2026/08/14","25.00%","7.80秒",56,1,2,0,1,1,1,0,0,0,,,,
"《神农本草经》里的太乙余食：味甘平，主咳逆上气、症瘕血闭漏下，一名石脑。
片中展示褐铁矿标本，并录《吴普》""一名禹哀""与九月采的记载。
古籍内容展示，不构成诊疗建议。
#太乙余食 #禹余粮 #神农本草经 #本草","export/UzFfBgAAxKmBeHdYJByajMzT4DCaxKhmHxRwhDeGg_I5oP0dYA","2026/08/14","25.84%","9.20秒",89,1,1,0,0,0,0,0,0,0,,,,
"《神农本草经》里的禹余粮：味甘寒，主咳逆、寒热烦满、血闭症瘕。
片中展示褐铁矿标本，附""世传禹治水弃余食于江中""的得名传说。
古籍内容展示，不构成诊疗建议。
#禹余粮 #褐铁矿 #神农本草经 #本草","export/UzFfBgAAxNyARDVgWxyajMzT4DCaRI_6OlFXz9XDyKrU--uEEA","2026/08/14","25.86%","7.80秒",58,1,0,1,0,0,0,0,0,0,,,,
"《神农本草经》里的曾青：味酸小寒，主目痛止泪，破症坚积聚，久服轻身。
片中展示孔雀石标本，并录""铜之精""之说与蜀中、越嶲产地。
古籍内容展示，不构成诊疗建议。
#曾青 #孔雀石 #神农本草经 #本草","export/UzFfBgAAxKSBJA4fQByajMzT4DCax72RaOMSY54GFgogGjZxtw","2026/08/14","14.89%","6.68秒",47,1,1,0,0,0,0,0,0,0,,,,
"《神农本草经》里的空青：味甘寒，主眚盲耳聋，通血脉，养精神，能化铜铁铅锡作金。
片中展示蓝铜矿标本，并录""铜精熏则生空青""的产地之说。
古籍内容展示，不构成诊疗建议。
#空青 #蓝铜矿 #神农本草经 #本草","export/UzFfBgAAxLqBMCBNWR-ajMzT4DCaqlX1ALfM6XoqAW5yYAZadA","2026/08/14","33.33%","9.78秒",78,1,1,0,0,0,0,0,0,0,,,,
"《神农本草经》里的滑石：味甘寒，主身热泄、女子乳难、癃闭，利小便，益精气。
片中展示滑石矿物标本，并录液石、脱石、番石等别名。
古籍内容展示，不构成诊疗建议。
#滑石 #神农本草经 #本草 #矿物","export/UzFfBgAAxLGBWG1zJBmajMzT4DCaHeGTURYc_Shpa9pWcXB9ZA","2026/08/14","16.90%","7.09秒",491,2,7,0,1,4,1,0,0,0,,,,
"《神农本草经》里的朴硝：味苦寒，逐六腑积聚，结固留癖，能化七十二种石。
片中展示芒硝族矿物标本，并录硝石朴别名与盐水之阳的产地。
古籍内容展示，不构成诊疗建议。
#朴硝 #芒硝 #神农本草经 #本草","export/UzFfBgAAxNqABAUpWRmajMzT4DCaGi2N2nBWI-5_aPx_EzE3bA","2026/08/14","16.24%","7.56秒",468,0,0,0,3,2,3,0,0,0,,,,
"《神农本草经》里的涅石（矾石）：味酸寒，主寒热泄利、白沃阴蚀，坚筋骨齿。
片中展示明矾石标本，并录羽涅、羽泽等别名。
古籍内容展示，不构成诊疗建议。
#涅石 #矾石 #神农本草经 #本草","export/UzFfBgAAxKuBAF12FxiajMzT4DCa6qhp5I_R65EkBDale5eaPA","2026/08/14","12.96%","5.96秒",540,2,2,0,1,3,1,0,0,0,,,,
"《神农本草经》里的石钟乳：味甘温，主咳逆上气，通百节，利九窍，下乳汁。
片中展示溶洞钟乳石标本，并录芦石、夏石等别名。
古籍内容展示，不构成诊疗建议。
#石钟乳 #钟乳石 #神农本草经 #本草","export/UzFfBgAAxNGAVCUaCWWajMzT4DCaM43-IlUiJuh9HPccgJDe7A","2026/08/14","15.60%","7.19秒",423,2,3,0,1,6,1,0,0,0,,,,
"《神农本草经》里的玉泉（玉）：味甘平，主柔筋强骨、安魂魄、长肌肉，久服耐寒暑。
片中展示硬玉标本，并录""一名玉札""及《吴普》异名与禁忌。
古籍内容展示，不构成诊疗建议。
#玉泉 #玉石 #神农本草经 #本草","export/UzFfBgAAxNaAUAJJJ2WajMzT4DCaaT3BuG9JSkg3EthsYCbsLQ","2026/08/14","15.90%","7.42秒",503,3,4,0,2,3,2,0,0,0,,,,
"《神农本草经》卷一石部之首的云母：味甘平，主身皮死肌、安五脏、益子精、明目。
片中展示白云母标本，附云珠、云英、磷石等别名与二月采的记载。
古籍内容展示，不构成诊疗建议。
#云母 #神农本草经 #本草 #矿物","export/UzFfBgAAxL2BeCVcUGWajMzT4DCaXwypOBqcN1X8nxTniT9Ylg","2026/08/14","14.73%","7.70秒",509,3,5,0,1,4,1,0,0,0,,,,
"《神农本草经》卷一开篇第一味药是丹沙（朱砂）：味甘微寒，养精神，安魂魄，明目。
片中展示辰砂矿物标本，并录别名真朱与""生山谷、采无时""。
古籍内容展示，不构成诊疗建议。
#丹沙 #朱砂 #辰砂 #神农本草经","export/UzFfBgAAxN-AWGI3b2OajMzT4DCawP5-WiWQdsZXMLYHYh8JZw","2026/08/14","13.35%","7.14秒",487,2,4,0,2,4,2,0,0,0,,,,
"《神农本草经》里的黄耆：味甘，微温，主治痈疽久败创、排脓止痛，又补虚、治小儿百病；别名戴糁，生于山谷，二月、十月采。
古籍内容展示，不构成诊疗建议。
#黄耆 #黄芪 #神农本草经 #本草","export/UzFfBgAAxLCBPDBODnSbjMzT4DCazAJjdG_U2T_jUSnNxZuu7Q","2026/08/13","18.71%","8.74秒",620,1,1,0,0,4,0,0,0,0,,,,
"《神农本草经》如何记载柴胡？本片摘录原文，并附对应今译。
古籍内容展示，不构成诊疗建议。
#柴胡 #神农本草经 #本草 #中草药 #草木九岭","export/UzFfBgAAxNuAWEc0CC2ZjMzT4DCaxhcdeA6KyxSorEaonV40yA","2026/08/12","30.34%","5.20秒",13928,65,139,4,132,228,132,0,0,0,,,,
"《神农本草经》如何记载当归？本片摘录原文，并附对应今译。
古籍内容展示，不构成诊疗建议。
#当归 #神农本草经 #本草 #中草药 #草木九岭","export/UzFfBgAAxKaBaCJTWy2ZjMzT4DCaHK3Rs7FIZtbs-S21PM30JA","2026/08/12","23.14%","6.92秒",376,2,3,0,2,0,2,0,0,0,,,,
"《神农本草经》如何记载芍药？
本片摘录原文，梳理其味、异名引文与古籍条目。
古籍内容展示，不构成诊疗建议。
#芍药 #神农本草经 #本草 #中草药","export/UzFfBgAAxKuBeDEPGj6cjMzT4DCaLafO-8UYg7k6xQGfpwBTMw","2026/08/09","21.35%","6.02秒",459,1,4,0,1,0,1,0,0,0,,,,
"《神农本草经》如何记载甘草？
本片摘录原文，呈现味、异名与条目所载内容。
古籍内容展示，不构成诊疗建议。
#甘草 #神农本草经 #本草 #中草药","export/UzFfBgAAxNeAYBY2ND6cjMzT4DCaFT_m6Kv9X0bZvMXeFRGYjg","2026/08/09","23.23%","5.20秒",620,2,5,0,1,2,1,0,0,0,,,,
"《神农本草经》如何记载人参？
本片摘录原文，梳理“味甘，微寒”、别名与生境。
古籍内容展示，不构成诊疗建议。
#人参 #神农本草经 #本草 #中草药","export/UzFfBgAAxNiAQDUWCwacjMzT4DCaHdi42tPpqKYnV_suTbZccg","2026/08/09","21.50%","6.04秒",586,2,4,0,4,1,4,0,0,0,,,,